loss,accuracy
0.0764518562131516,0.9755
0.07475749859560477,0.9769
0.0717259956232136,0.9756
0.073530055526121,0.9762
0.07737343898122508,0.9744
0.07333041269982923,0.9771
0.0778151983524519,0.9756
0.07838297857485418,0.9761
0.07153649524534558,0.976
0.07380739451639144,0.9758
