loss,accuracy
0.08500408501001809,0.9748
0.08292937658068046,0.9738
0.08838408393644973,0.9719
0.08545152285890233,0.9744
0.08614867684524019,0.9726
0.09025563416963474,0.9712
0.08358304638849202,0.9747
0.08566951429139633,0.9739
0.08851176858290753,0.9731
0.08430550965723263,0.9735
